local_id,provider,remote_id,concept,label,language,semantic_category,source_url,image_url,local_raw_path,local_normalized_path,local_category_path,file_format,license,author,attribution,download_date,last_checked,status
picto_000001,arasaac,6522,hola,Hola,es,comunicacion_basica,https://arasaac.org,https://api.arasaac.org/api/pictograms/6522?download=false,pictograms/arasaac/raw/hola__arasaac__6522.png,pictograms/arasaac/normalized/hola__arasaac__6522.png,pictograms/arasaac/by_category/comunicacion_basica/hola__arasaac__6522.png,png,CC BY-NC-SA,Sergio Palao,Gobierno de Aragón / Sergio Palao / ARASAAC,2026-06-18T21:08:25.476Z,2026-06-18T22:46:26.267Z,active
picto_000002,arasaac,5584,sí,Sí,es,comunicacion_basica,https://arasaac.org,https://api.arasaac.org/api/pictograms/5584?download=false,pictograms/arasaac/raw/si__arasaac__5584.png,pictograms/arasaac/normalized/si__arasaac__5584.png,pictograms/arasaac/by_category/comunicacion_basica/si__arasaac__5584.png,png,CC BY-NC-SA,Sergio Palao,Gobierno de Aragón / Sergio Palao / ARASAAC,2026-06-18T21:08:25.962Z,2026-06-18T22:46:26.270Z,active
picto_000003,arasaac,5526,no,No,es,comunicacion_basica,https://arasaac.org,https://api.arasaac.org/api/pictograms/5526?download=false,pictograms/arasaac/raw/no__arasaac__5526.png,pictograms/arasaac/normalized/no__arasaac__5526.png,pictograms/arasaac/by_category/comunicacion_basica/no__arasaac__5526.png,png,CC BY-NC-SA,Sergio Palao,Gobierno de Aragón / Sergio Palao / ARASAAC,2026-06-18T21:08:26.581Z,2026-06-18T22:46:26.272Z,active
picto_000004,arasaac,12252,ayuda,Ayuda,es,comunicacion_basica,https://arasaac.org,https://api.arasaac.org/api/pictograms/12252?download=false,pictograms/arasaac/raw/ayuda__arasaac__12252.png,pictograms/arasaac/normalized/ayuda__arasaac__12252.png,pictograms/arasaac/by_category/comunicacion_basica/ayuda__arasaac__12252.png,png,CC BY-NC-SA,Sergio Palao,Gobierno de Aragón / Sergio Palao / ARASAAC,2026-06-18T21:08:27.290Z,2026-06-18T22:46:26.274Z,active
picto_000005,arasaac,8129,gracias,Gracias,es,comunicacion_basica,https://arasaac.org,https://api.arasaac.org/api/pictograms/8129?download=false,pictograms/arasaac/raw/gracias__arasaac__8129.png,pictograms/arasaac/normalized/gracias__arasaac__8129.png,pictograms/arasaac/by_category/comunicacion_basica/gracias__arasaac__8129.png,png,CC BY-NC-SA,Sergio Palao,Gobierno de Aragón / Sergio Palao / ARASAAC,2026-06-18T21:08:27.883Z,2026-06-18T22:46:26.276Z,active
picto_000006,arasaac,6028,adiós,Adiós,es,comunicacion_basica,https://arasaac.org,https://api.arasaac.org/api/pictograms/6028?download=false,pictograms/arasaac/raw/adios__arasaac__6028.png,pictograms/arasaac/normalized/adios__arasaac__6028.png,pictograms/arasaac/by_category/comunicacion_basica/adios__arasaac__6028.png,png,CC BY-NC-SA,Sergio Palao,Gobierno de Aragón / Sergio Palao / ARASAAC,2026-06-18T21:08:28.319Z,2026-06-18T22:46:26.279Z,active
picto_000007,arasaac,5441,quiero,Quiero,es,comunicacion_basica,https://arasaac.org,https://api.arasaac.org/api/pictograms/5441?download=false,pictograms/arasaac/raw/quiero__arasaac__5441.png,pictograms/arasaac/normalized/quiero__arasaac__5441.png,pictograms/arasaac/by_category/comunicacion_basica/quiero__arasaac__5441.png,png,CC BY-NC-SA,Sergio Palao,Gobierno de Aragón / Sergio Palao / ARASAAC,2026-06-18T21:08:28.949Z,2026-06-18T22:46:26.281Z,active
picto_000008,arasaac,6156,no quiero,No quiero,es,comunicacion_basica,https://arasaac.org,https://api.arasaac.org/api/pictograms/6156?download=false,pictograms/arasaac/raw/no_quiero__arasaac__6156.png,pictograms/arasaac/normalized/no_quiero__arasaac__6156.png,pictograms/arasaac/by_category/comunicacion_basica/no_quiero__arasaac__6156.png,png,CC BY-NC-SA,Sergio Palao,Gobierno de Aragón / Sergio Palao / ARASAAC,2026-06-18T21:08:29.552Z,2026-06-18T22:46:26.283Z,active
picto_000009,arasaac,27363,entiendo,Entiendo,es,comunicacion_basica,https://arasaac.org,https://api.arasaac.org/api/pictograms/27363?download=false,pictograms/arasaac/raw/entiendo__arasaac__27363.png,pictograms/arasaac/normalized/entiendo__arasaac__27363.png,pictograms/arasaac/by_category/comunicacion_basica/entiendo__arasaac__27363.png,png,CC BY-NC-SA,Sergio Palao,Gobierno de Aragón / Sergio Palao / ARASAAC,2026-06-18T21:08:30.135Z,2026-06-18T22:46:26.285Z,active
picto_000010,arasaac,27363,no entiendo,No entiendo,es,comunicacion_basica,https://arasaac.org,https://api.arasaac.org/api/pictograms/27363?download=false,pictograms/arasaac/raw/no_entiendo__arasaac__27363.png,pictograms/arasaac/normalized/no_entiendo__arasaac__27363.png,pictograms/arasaac/by_category/comunicacion_basica/no_entiendo__arasaac__27363.png,png,CC BY-NC-SA,Sergio Palao,Gobierno de Aragón / Sergio Palao / ARASAAC,2026-06-18T21:08:30.747Z,2026-06-18T22:46:26.287Z,active
picto_000011,arasaac,8195,por favor,Por favor,es,comunicacion_basica,https://arasaac.org,https://api.arasaac.org/api/pictograms/8195?download=false,pictograms/arasaac/raw/por_favor__arasaac__8195.png,pictograms/arasaac/normalized/por_favor__arasaac__8195.png,pictograms/arasaac/by_category/comunicacion_basica/por_favor__arasaac__8195.png,png,CC BY-NC-SA,Sergio Palao,Gobierno de Aragón / Sergio Palao / ARASAAC,2026-06-18T21:08:31.209Z,2026-06-18T22:46:26.289Z,active
picto_000012,arasaac,36914,esperar,Esperar,es,comunicacion_basica,https://arasaac.org,https://api.arasaac.org/api/pictograms/36914?download=false,pictograms/arasaac/raw/esperar__arasaac__36914.png,pictograms/arasaac/normalized/esperar__arasaac__36914.png,pictograms/arasaac/by_category/comunicacion_basica/esperar__arasaac__36914.png,png,CC BY-NC-SA,Sergio Palao,Gobierno de Aragón / Sergio Palao / ARASAAC,2026-06-18T21:08:31.639Z,2026-06-18T22:46:26.292Z,active
picto_000013,arasaac,11752,repetir,Repetir,es,comunicacion_basica,https://arasaac.org,https://api.arasaac.org/api/pictograms/11752?download=false,pictograms/arasaac/raw/repetir__arasaac__11752.png,pictograms/arasaac/normalized/repetir__arasaac__11752.png,pictograms/arasaac/by_category/comunicacion_basica/repetir__arasaac__11752.png,png,CC BY-NC-SA,Sergio Palao,Gobierno de Aragón / Sergio Palao / ARASAAC,2026-06-18T21:08:32.265Z,2026-06-18T22:46:26.294Z,active
picto_000014,arasaac,32101,hablar despacio,Hablar despacio,es,comunicacion_basica,https://arasaac.org,https://api.arasaac.org/api/pictograms/32101?download=false,pictograms/arasaac/raw/hablar_despacio__arasaac__32101.png,pictograms/arasaac/normalized/hablar_despacio__arasaac__32101.png,pictograms/arasaac/by_category/comunicacion_basica/hablar_despacio__arasaac__32101.png,png,CC BY-NC-SA,Sergio Palao,Gobierno de Aragón / Sergio Palao / ARASAAC,2026-06-18T21:08:32.875Z,2026-06-18T22:46:26.297Z,active
picto_000015,arasaac,38351,familia,Familia,es,comunicacion_basica,https://arasaac.org,https://api.arasaac.org/api/pictograms/38351?download=false,pictograms/arasaac/raw/familia__arasaac__38351.png,pictograms/arasaac/normalized/familia__arasaac__38351.png,pictograms/arasaac/by_category/comunicacion_basica/familia__arasaac__38351.png,png,CC BY-NC-SA,Sergio Palao,Gobierno de Aragón / Sergio Palao / ARASAAC,2026-06-18T21:08:33.820Z,2026-06-18T22:46:26.299Z,active
picto_000016,arasaac,36870,acompañante,Acompañante,es,comunicacion_basica,https://arasaac.org,https://api.arasaac.org/api/pictograms/36870?download=false,pictograms/arasaac/raw/acompanante__arasaac__36870.png,pictograms/arasaac/normalized/acompanante__arasaac__36870.png,pictograms/arasaac/by_category/comunicacion_basica/acompanante__arasaac__36870.png,png,CC BY-NC-SA,Sergio Palao,Gobierno de Aragón / Sergio Palao / ARASAAC,2026-06-18T21:08:34.410Z,2026-06-18T22:46:26.302Z,active
picto_000017,arasaac,6561,médico,Médico,es,atencion_medica,https://arasaac.org,https://api.arasaac.org/api/pictograms/6561?download=false,pictograms/arasaac/raw/medico__arasaac__6561.png,pictograms/arasaac/normalized/medico__arasaac__6561.png,pictograms/arasaac/by_category/atencion_medica/medico__arasaac__6561.png,png,CC BY-NC-SA,Sergio Palao,Gobierno de Aragón / Sergio Palao / ARASAAC,2026-06-18T21:08:34.861Z,2026-06-18T22:46:26.304Z,active
picto_000018,arasaac,6050,enfermera,Enfermera,es,atencion_medica,https://arasaac.org,https://api.arasaac.org/api/pictograms/6050?download=false,pictograms/arasaac/raw/enfermera__arasaac__6050.png,pictograms/arasaac/normalized/enfermera__arasaac__6050.png,pictograms/arasaac/by_category/atencion_medica/enfermera__arasaac__6050.png,png,CC BY-NC-SA,Sergio Palao,Gobierno de Aragón / Sergio Palao / ARASAAC,2026-06-18T21:08:35.469Z,2026-06-18T22:46:26.306Z,active
picto_000019,arasaac,6523,hospital,Hospital,es,atencion_medica,https://arasaac.org,https://api.arasaac.org/api/pictograms/6523?download=false,pictograms/arasaac/raw/hospital__arasaac__6523.png,pictograms/arasaac/normalized/hospital__arasaac__6523.png,pictograms/arasaac/by_category/atencion_medica/hospital__arasaac__6523.png,png,CC BY-NC-SA,Sergio Palao,Gobierno de Aragón / Sergio Palao / ARASAAC,2026-06-18T21:08:36.085Z,2026-06-18T22:46:26.308Z,active
picto_000020,arasaac,35139,consulta,Consulta,es,atencion_medica,https://arasaac.org,https://api.arasaac.org/api/pictograms/35139?download=false,pictograms/arasaac/raw/consulta__arasaac__35139.png,pictograms/arasaac/normalized/consulta__arasaac__35139.png,pictograms/arasaac/by_category/atencion_medica/consulta__arasaac__35139.png,png,CC BY-NC-SA,Sergio Palao,Gobierno de Aragón / Sergio Palao / ARASAAC,2026-06-18T21:08:36.671Z,2026-06-18T22:46:26.310Z,active
picto_000021,arasaac,16165,cita,Cita,es,atencion_medica,https://arasaac.org,https://api.arasaac.org/api/pictograms/16165?download=false,pictograms/arasaac/raw/cita__arasaac__16165.png,pictograms/arasaac/normalized/cita__arasaac__16165.png,pictograms/arasaac/by_category/atencion_medica/cita__arasaac__16165.png,png,CC BY-NC-SA,Sergio Palao,Gobierno de Aragón / Sergio Palao / ARASAAC,2026-06-18T21:08:37.104Z,2026-06-18T22:46:26.313Z,active
picto_000022,arasaac,2367,dolor,Dolor,es,atencion_medica,https://arasaac.org,https://api.arasaac.org/api/pictograms/2367?download=false,pictograms/arasaac/raw/dolor__arasaac__2367.png,pictograms/arasaac/normalized/dolor__arasaac__2367.png,pictograms/arasaac/by_category/atencion_medica/dolor__arasaac__2367.png,png,CC BY-NC-SA,Sergio Palao,Gobierno de Aragón / Sergio Palao / ARASAAC,2026-06-18T21:08:37.877Z,2026-06-18T22:46:26.316Z,active
picto_000023,arasaac,32530,fiebre,Fiebre,es,atencion_medica,https://arasaac.org,https://api.arasaac.org/api/pictograms/32530?download=false,pictograms/arasaac/raw/fiebre__arasaac__32530.png,pictograms/arasaac/normalized/fiebre__arasaac__32530.png,pictograms/arasaac/by_category/atencion_medica/fiebre__arasaac__32530.png,png,CC BY-NC-SA,Sergio Palao,Gobierno de Aragón / Sergio Palao / ARASAAC,2026-06-18T21:08:38.461Z,2026-06-18T22:46:26.317Z,active
picto_000024,arasaac,35585,tos,Tos,es,atencion_medica,https://arasaac.org,https://api.arasaac.org/api/pictograms/35585?download=false,pictograms/arasaac/raw/tos__arasaac__35585.png,pictograms/arasaac/normalized/tos__arasaac__35585.png,pictograms/arasaac/by_category/atencion_medica/tos__arasaac__35585.png,png,CC BY-NC-SA,Sergio Palao,Gobierno de Aragón / Sergio Palao / ARASAAC,2026-06-18T21:08:38.911Z,2026-06-18T22:46:26.320Z,active
picto_000025,arasaac,34377,respirar,Respirar,es,atencion_medica,https://arasaac.org,https://api.arasaac.org/api/pictograms/34377?download=false,pictograms/arasaac/raw/respirar__arasaac__34377.png,pictograms/arasaac/normalized/respirar__arasaac__34377.png,pictograms/arasaac/by_category/atencion_medica/respirar__arasaac__34377.png,png,CC BY-NC-SA,Sergio Palao,Gobierno de Aragón / Sergio Palao / ARASAAC,2026-06-18T21:08:39.685Z,2026-06-18T22:46:26.323Z,active
picto_000026,arasaac,8163,medicina,Medicina,es,atencion_medica,https://arasaac.org,https://api.arasaac.org/api/pictograms/8163?download=false,pictograms/arasaac/raw/medicina__arasaac__8163.png,pictograms/arasaac/normalized/medicina__arasaac__8163.png,pictograms/arasaac/by_category/atencion_medica/medicina__arasaac__8163.png,png,CC BY-NC-SA,Sergio Palao,Gobierno de Aragón / Sergio Palao / ARASAAC,2026-06-18T21:08:40.993Z,2026-06-18T22:46:26.325Z,active
picto_000027,arasaac,5601,inyección,Inyección,es,atencion_medica,https://arasaac.org,https://api.arasaac.org/api/pictograms/5601?download=false,pictograms/arasaac/raw/inyeccion__arasaac__5601.png,pictograms/arasaac/normalized/inyeccion__arasaac__5601.png,pictograms/arasaac/by_category/atencion_medica/inyeccion__arasaac__5601.png,png,CC BY-NC-SA,Sergio Palao,Gobierno de Aragón / Sergio Palao / ARASAAC,2026-06-18T21:08:41.577Z,2026-06-18T22:46:26.327Z,active
picto_000028,arasaac,5372,alergia,Alergia,es,atencion_medica,https://arasaac.org,https://api.arasaac.org/api/pictograms/5372?download=false,pictograms/arasaac/raw/alergia__arasaac__5372.png,pictograms/arasaac/normalized/alergia__arasaac__5372.png,pictograms/arasaac/by_category/atencion_medica/alergia__arasaac__5372.png,png,CC BY-NC-SA,Sergio Palao,Gobierno de Aragón / Sergio Palao / ARASAAC,2026-06-18T21:08:42.164Z,2026-06-18T22:46:26.329Z,active
picto_000029,arasaac,2803,sangre,Sangre,es,atencion_medica,https://arasaac.org,https://api.arasaac.org/api/pictograms/2803?download=false,pictograms/arasaac/raw/sangre__arasaac__2803.png,pictograms/arasaac/normalized/sangre__arasaac__2803.png,pictograms/arasaac/by_category/atencion_medica/sangre__arasaac__2803.png,png,CC BY-NC-SA,Sergio Palao,Gobierno de Aragón / Sergio Palao / ARASAAC,2026-06-18T21:08:42.602Z,2026-06-18T22:46:26.331Z,active
picto_000030,arasaac,8687,emergencia,Emergencia,es,atencion_medica,https://arasaac.org,https://api.arasaac.org/api/pictograms/8687?download=false,pictograms/arasaac/raw/emergencia__arasaac__8687.png,pictograms/arasaac/normalized/emergencia__arasaac__8687.png,pictograms/arasaac/by_category/atencion_medica/emergencia__arasaac__8687.png,png,CC BY-NC-SA,Sergio Palao,Gobierno de Aragón / Sergio Palao / ARASAAC,2026-06-18T21:08:43.046Z,2026-06-18T22:46:26.333Z,active
picto_000031,arasaac,6899,ambulancia,Ambulancia,es,atencion_medica,https://arasaac.org,https://api.arasaac.org/api/pictograms/6899?download=false,pictograms/arasaac/raw/ambulancia__arasaac__6899.png,pictograms/arasaac/normalized/ambulancia__arasaac__6899.png,pictograms/arasaac/by_category/atencion_medica/ambulancia__arasaac__6899.png,png,CC BY-NC-SA,Sergio Palao,Gobierno de Aragón / Sergio Palao / ARASAAC,2026-06-18T21:08:43.514Z,2026-06-18T22:46:26.335Z,active
picto_000032,arasaac,11254,entrada,Entrada,es,orientacion_institucional,https://arasaac.org,https://api.arasaac.org/api/pictograms/11254?download=false,pictograms/arasaac/raw/entrada__arasaac__11254.png,pictograms/arasaac/normalized/entrada__arasaac__11254.png,pictograms/arasaac/by_category/orientacion_institucional/entrada__arasaac__11254.png,png,CC BY-NC-SA,Sergio Palao,Gobierno de Aragón / Sergio Palao / ARASAAC,2026-06-18T21:08:43.982Z,2026-06-18T22:46:26.337Z,active
picto_000033,arasaac,11364,salida,Salida,es,orientacion_institucional,https://arasaac.org,https://api.arasaac.org/api/pictograms/11364?download=false,pictograms/arasaac/raw/salida__arasaac__11364.png,pictograms/arasaac/normalized/salida__arasaac__11364.png,pictograms/arasaac/by_category/orientacion_institucional/salida__arasaac__11364.png,png,CC BY-NC-SA,Sergio Palao,Gobierno de Aragón / Sergio Palao / ARASAAC,2026-06-18T21:08:44.431Z,2026-06-18T22:46:26.340Z,active
picto_000034,arasaac,31328,recepción,Recepción,es,orientacion_institucional,https://arasaac.org,https://api.arasaac.org/api/pictograms/31328?download=false,pictograms/arasaac/raw/recepcion__arasaac__31328.png,pictograms/arasaac/normalized/recepcion__arasaac__31328.png,pictograms/arasaac/by_category/orientacion_institucional/recepcion__arasaac__31328.png,png,CC BY-NC-SA,Sergio Palao,Gobierno de Aragón / Sergio Palao / ARASAAC,2026-06-18T21:08:45.044Z,2026-06-18T22:46:26.342Z,active
picto_000035,arasaac,9897,módulo de información,Módulo de información,es,orientacion_institucional,https://arasaac.org,https://api.arasaac.org/api/pictograms/9897?download=false,pictograms/arasaac/raw/modulo_de_informacion__arasaac__9897.png,pictograms/arasaac/normalized/modulo_de_informacion__arasaac__9897.png,pictograms/arasaac/by_category/orientacion_institucional/modulo_de_informacion__arasaac__9897.png,png,CC BY-NC-SA,Sergio Palao,Gobierno de Aragón / Sergio Palao / ARASAAC,2026-06-18T21:08:45.627Z,2026-06-18T22:46:26.344Z,active
picto_000036,arasaac,7158,turno,Turno,es,orientacion_institucional,https://arasaac.org,https://api.arasaac.org/api/pictograms/7158?download=false,pictograms/arasaac/raw/turno__arasaac__7158.png,pictograms/arasaac/normalized/turno__arasaac__7158.png,pictograms/arasaac/by_category/orientacion_institucional/turno__arasaac__7158.png,png,CC BY-NC-SA,Sergio Palao,Gobierno de Aragón / Sergio Palao / ARASAAC,2026-06-18T21:08:46.204Z,2026-06-18T22:46:26.347Z,active
picto_000037,arasaac,7102,fila,Fila,es,orientacion_institucional,https://arasaac.org,https://api.arasaac.org/api/pictograms/7102?download=false,pictograms/arasaac/raw/fila__arasaac__7102.png,pictograms/arasaac/normalized/fila__arasaac__7102.png,pictograms/arasaac/by_category/orientacion_institucional/fila__arasaac__7102.png,png,CC BY-NC-SA,Sergio Palao,Gobierno de Aragón / Sergio Palao / ARASAAC,2026-06-18T21:08:46.646Z,2026-06-18T22:46:26.349Z,active
picto_000038,arasaac,24634,sala de espera,Sala de espera,es,orientacion_institucional,https://arasaac.org,https://api.arasaac.org/api/pictograms/24634?download=false,pictograms/arasaac/raw/sala_de_espera__arasaac__24634.png,pictograms/arasaac/normalized/sala_de_espera__arasaac__24634.png,pictograms/arasaac/by_category/orientacion_institucional/sala_de_espera__arasaac__24634.png,png,CC BY-NC-SA,Sergio Palao,Gobierno de Aragón / Sergio Palao / ARASAAC,2026-06-18T21:08:47.659Z,2026-06-18T22:46:26.351Z,active
picto_000039,arasaac,6929,baño,Baño,es,orientacion_institucional,https://arasaac.org,https://api.arasaac.org/api/pictograms/6929?download=false,pictograms/arasaac/raw/bano__arasaac__6929.png,pictograms/arasaac/normalized/bano__arasaac__6929.png,pictograms/arasaac/by_category/orientacion_institucional/bano__arasaac__6929.png,png,CC BY-NC-SA,Sergio Palao,Gobierno de Aragón / Sergio Palao / ARASAAC,2026-06-18T21:08:48.248Z,2026-06-18T22:46:26.353Z,active
picto_000040,arasaac,36528,elevador,Elevador,es,orientacion_institucional,https://arasaac.org,https://api.arasaac.org/api/pictograms/36528?download=false,pictograms/arasaac/raw/elevador__arasaac__36528.png,pictograms/arasaac/normalized/elevador__arasaac__36528.png,pictograms/arasaac/by_category/orientacion_institucional/elevador__arasaac__36528.png,png,CC BY-NC-SA,Sergio Palao,Gobierno de Aragón / Sergio Palao / ARASAAC,2026-06-18T21:08:48.833Z,2026-06-18T22:46:26.355Z,active
picto_000041,arasaac,22799,rampa,Rampa,es,orientacion_institucional,https://arasaac.org,https://api.arasaac.org/api/pictograms/22799?download=false,pictograms/arasaac/raw/rampa__arasaac__22799.png,pictograms/arasaac/normalized/rampa__arasaac__22799.png,pictograms/arasaac/by_category/orientacion_institucional/rampa__arasaac__22799.png,png,CC BY-NC-SA,Sergio Palao,Gobierno de Aragón / Sergio Palao / ARASAAC,2026-06-18T21:08:49.262Z,2026-06-18T22:46:26.357Z,active
picto_000042,arasaac,2379,escalera,Escalera,es,orientacion_institucional,https://arasaac.org,https://api.arasaac.org/api/pictograms/2379?download=false,pictograms/arasaac/raw/escalera__arasaac__2379.png,pictograms/arasaac/normalized/escalera__arasaac__2379.png,pictograms/arasaac/by_category/orientacion_institucional/escalera__arasaac__2379.png,png,CC BY-NC-SA,Sergio Palao,Gobierno de Aragón / Sergio Palao / ARASAAC,2026-06-18T21:08:49.855Z,2026-06-18T22:46:26.359Z,active
picto_000043,arasaac,4624,derecha,Derecha,es,orientacion_institucional,https://arasaac.org,https://api.arasaac.org/api/pictograms/4624?download=false,pictograms/arasaac/raw/derecha__arasaac__4624.png,pictograms/arasaac/normalized/derecha__arasaac__4624.png,pictograms/arasaac/by_category/orientacion_institucional/derecha__arasaac__4624.png,png,CC BY-NC-SA,Sergio Palao,Gobierno de Aragón / Sergio Palao / ARASAAC,2026-06-18T21:08:50.448Z,2026-06-18T22:46:26.362Z,active
picto_000044,arasaac,9203,izquierda,Izquierda,es,orientacion_institucional,https://arasaac.org,https://api.arasaac.org/api/pictograms/9203?download=false,pictograms/arasaac/raw/izquierda__arasaac__9203.png,pictograms/arasaac/normalized/izquierda__arasaac__9203.png,pictograms/arasaac/by_category/orientacion_institucional/izquierda__arasaac__9203.png,png,CC BY-NC-SA,Sergio Palao,Gobierno de Aragón / Sergio Palao / ARASAAC,2026-06-18T21:08:50.907Z,2026-06-18T22:46:26.364Z,active
picto_000045,arasaac,5388,arriba,Arriba,es,orientacion_institucional,https://arasaac.org,https://api.arasaac.org/api/pictograms/5388?download=false,pictograms/arasaac/raw/arriba__arasaac__5388.png,pictograms/arasaac/normalized/arriba__arasaac__5388.png,pictograms/arasaac/by_category/orientacion_institucional/arriba__arasaac__5388.png,png,CC BY-NC-SA,Sergio Palao,Gobierno de Aragón / Sergio Palao / ARASAAC,2026-06-18T21:08:51.357Z,2026-06-18T22:46:26.366Z,active
picto_000046,arasaac,5355,abajo,Abajo,es,orientacion_institucional,https://arasaac.org,https://api.arasaac.org/api/pictograms/5355?download=false,pictograms/arasaac/raw/abajo__arasaac__5355.png,pictograms/arasaac/normalized/abajo__arasaac__5355.png,pictograms/arasaac/by_category/orientacion_institucional/abajo__arasaac__5355.png,png,CC BY-NC-SA,Sergio Palao,Gobierno de Aragón / Sergio Palao / ARASAAC,2026-06-18T21:08:51.821Z,2026-06-18T22:46:26.369Z,active
picto_000047,arasaac,21802,documento,Documento,es,comunicacion_basica,https://arasaac.org,https://api.arasaac.org/api/pictograms/21802?download=false,pictograms/arasaac/raw/documento__arasaac__21802.png,pictograms/arasaac/normalized/documento__arasaac__21802.png,pictograms/arasaac/by_category/comunicacion_basica/documento__arasaac__21802.png,png,CC BY-NC-SA,Sergio Palao,Gobierno de Aragón / Sergio Palao / ARASAAC,2026-06-18T21:08:52.683Z,2026-06-18T22:46:26.371Z,active
picto_000048,arasaac,5583,firma,Firma,es,comunicacion_basica,https://arasaac.org,https://api.arasaac.org/api/pictograms/5583?download=false,pictograms/arasaac/raw/firma__arasaac__5583.png,pictograms/arasaac/normalized/firma__arasaac__5583.png,pictograms/arasaac/by_category/comunicacion_basica/firma__arasaac__5583.png,png,CC BY-NC-SA,Sergio Palao,Gobierno de Aragón / Sergio Palao / ARASAAC,2026-06-18T21:08:53.438Z,2026-06-18T22:46:26.373Z,active
picto_000049,arasaac,19555,solicitud,Solicitud,es,comunicacion_basica,https://arasaac.org,https://api.arasaac.org/api/pictograms/19555?download=false,pictograms/arasaac/raw/solicitud__arasaac__19555.png,pictograms/arasaac/normalized/solicitud__arasaac__19555.png,pictograms/arasaac/by_category/comunicacion_basica/solicitud__arasaac__19555.png,png,CC BY-NC-SA,Sergio Palao,Gobierno de Aragón / Sergio Palao / ARASAAC,2026-06-18T21:08:53.907Z,2026-06-18T22:46:26.375Z,active
picto_000050,arasaac,9173,formulario,Formulario,es,comunicacion_basica,https://arasaac.org,https://api.arasaac.org/api/pictograms/9173?download=false,pictograms/arasaac/raw/formulario__arasaac__9173.png,pictograms/arasaac/normalized/formulario__arasaac__9173.png,pictograms/arasaac/by_category/comunicacion_basica/formulario__arasaac__9173.png,png,CC BY-NC-SA,Sergio Palao,Gobierno de Aragón / Sergio Palao / ARASAAC,2026-06-18T21:08:54.374Z,2026-06-18T22:46:26.377Z,active
picto_000051,arasaac,8586,copia,Copia,es,comunicacion_basica,https://arasaac.org,https://api.arasaac.org/api/pictograms/8586?download=false,pictograms/arasaac/raw/copia__arasaac__8586.png,pictograms/arasaac/normalized/copia__arasaac__8586.png,pictograms/arasaac/by_category/comunicacion_basica/copia__arasaac__8586.png,png,CC BY-NC-SA,Sergio Palao,Gobierno de Aragón / Sergio Palao / ARASAAC,2026-06-18T21:08:54.984Z,2026-06-18T22:46:26.379Z,active
picto_000052,arasaac,2879,número,Número,es,comunicacion_basica,https://arasaac.org,https://api.arasaac.org/api/pictograms/2879?download=false,pictograms/arasaac/raw/numero__arasaac__2879.png,pictograms/arasaac/normalized/numero__arasaac__2879.png,pictograms/arasaac/by_category/comunicacion_basica/numero__arasaac__2879.png,png,CC BY-NC-SA,Sergio Palao,Gobierno de Aragón / Sergio Palao / ARASAAC,2026-06-18T21:08:56.312Z,2026-06-18T22:46:26.381Z,active
picto_000053,arasaac,27357,nombre,Nombre,es,comunicacion_basica,https://arasaac.org,https://api.arasaac.org/api/pictograms/27357?download=false,pictograms/arasaac/raw/nombre__arasaac__27357.png,pictograms/arasaac/normalized/nombre__arasaac__27357.png,pictograms/arasaac/by_category/comunicacion_basica/nombre__arasaac__27357.png,png,CC BY-NC-SA,Sergio Palao,Gobierno de Aragón / Sergio Palao / ARASAAC,2026-06-18T21:08:56.739Z,2026-06-18T22:46:26.383Z,active
picto_000054,arasaac,26479,teléfono,Teléfono,es,comunicacion_basica,https://arasaac.org,https://api.arasaac.org/api/pictograms/26479?download=false,pictograms/arasaac/raw/telefono__arasaac__26479.png,pictograms/arasaac/normalized/telefono__arasaac__26479.png,pictograms/arasaac/by_category/comunicacion_basica/telefono__arasaac__26479.png,png,CC BY-NC-SA,Sergio Palao,Gobierno de Aragón / Sergio Palao / ARASAAC,2026-06-18T21:08:57.322Z,2026-06-18T22:46:26.385Z,active
picto_000055,arasaac,7078,dirección,Dirección,es,comunicacion_basica,https://arasaac.org,https://api.arasaac.org/api/pictograms/7078?download=false,pictograms/arasaac/raw/direccion__arasaac__7078.png,pictograms/arasaac/normalized/direccion__arasaac__7078.png,pictograms/arasaac/by_category/comunicacion_basica/direccion__arasaac__7078.png,png,CC BY-NC-SA,Sergio Palao,Gobierno de Aragón / Sergio Palao / ARASAAC,2026-06-18T21:08:57.903Z,2026-06-18T22:46:26.388Z,active
picto_000056,arasaac,32540,correo electrónico,Correo electrónico,es,comunicacion_basica,https://arasaac.org,https://api.arasaac.org/api/pictograms/32540?download=false,pictograms/arasaac/raw/correo_electronico__arasaac__32540.png,pictograms/arasaac/normalized/correo_electronico__arasaac__32540.png,pictograms/arasaac/by_category/comunicacion_basica/correo_electronico__arasaac__32540.png,png,CC BY-NC-SA,Sergio Palao,Gobierno de Aragón / Sergio Palao / ARASAAC,2026-06-18T21:08:58.381Z,2026-06-18T22:46:26.390Z,active
picto_000057,arasaac,16873,recibo,Recibo,es,comunicacion_basica,https://arasaac.org,https://api.arasaac.org/api/pictograms/16873?download=false,pictograms/arasaac/raw/recibo__arasaac__16873.png,pictograms/arasaac/normalized/recibo__arasaac__16873.png,pictograms/arasaac/by_category/comunicacion_basica/recibo__arasaac__16873.png,png,CC BY-NC-SA,Sergio Palao,Gobierno de Aragón / Sergio Palao / ARASAAC,2026-06-18T21:08:58.963Z,2026-06-18T22:46:26.392Z,active
picto_000058,arasaac,2819,pago,Pago,es,comunicacion_basica,https://arasaac.org,https://api.arasaac.org/api/pictograms/2819?download=false,pictograms/arasaac/raw/pago__arasaac__2819.png,pictograms/arasaac/normalized/pago__arasaac__2819.png,pictograms/arasaac/by_category/comunicacion_basica/pago__arasaac__2819.png,png,CC BY-NC-SA,Sergio Palao,Gobierno de Aragón / Sergio Palao / ARASAAC,2026-06-18T21:08:59.573Z,2026-06-18T22:46:26.394Z,active
picto_000059,arasaac,8687,emergencia,Emergencia,es,urgencias,https://arasaac.org,https://api.arasaac.org/api/pictograms/8687?download=false,pictograms/arasaac/raw/emergencia__arasaac__8687.png,pictograms/arasaac/normalized/emergencia__arasaac__8687.png,pictograms/arasaac/by_category/urgencias/emergencia__arasaac__8687.png,png,CC BY-NC-SA,Sergio Palao,Gobierno de Aragón / Sergio Palao / ARASAAC,2026-06-18T21:09:00.210Z,2026-06-18T22:46:26.396Z,active
picto_000060,arasaac,8687,salida de emergencia,Salida de emergencia,es,urgencias,https://arasaac.org,https://api.arasaac.org/api/pictograms/8687?download=false,pictograms/arasaac/raw/salida_de_emergencia__arasaac__8687.png,pictograms/arasaac/normalized/salida_de_emergencia__arasaac__8687.png,pictograms/arasaac/by_category/urgencias/salida_de_emergencia__arasaac__8687.png,png,CC BY-NC-SA,Sergio Palao,Gobierno de Aragón / Sergio Palao / ARASAAC,2026-06-18T21:09:00.648Z,2026-06-18T22:46:26.398Z,active
picto_000061,arasaac,37863,evacuar,Evacuar,es,urgencias,https://arasaac.org,https://api.arasaac.org/api/pictograms/37863?download=false,pictograms/arasaac/raw/evacuar__arasaac__37863.png,pictograms/arasaac/normalized/evacuar__arasaac__37863.png,pictograms/arasaac/by_category/urgencias/evacuar__arasaac__37863.png,png,CC BY-NC-SA,Sergio Palao,Gobierno de Aragón / Sergio Palao / ARASAAC,2026-06-18T21:09:01.254Z,2026-06-18T22:46:26.400Z,active
picto_000062,arasaac,6891,alarma,Alarma,es,urgencias,https://arasaac.org,https://api.arasaac.org/api/pictograms/6891?download=false,pictograms/arasaac/raw/alarma__arasaac__6891.png,pictograms/arasaac/normalized/alarma__arasaac__6891.png,pictograms/arasaac/by_category/urgencias/alarma__arasaac__6891.png,png,CC BY-NC-SA,Sergio Palao,Gobierno de Aragón / Sergio Palao / ARASAAC,2026-06-18T21:09:01.850Z,2026-06-18T22:46:26.402Z,active
picto_000063,arasaac,4668,incendio,Incendio,es,urgencias,https://arasaac.org,https://api.arasaac.org/api/pictograms/4668?download=false,pictograms/arasaac/raw/incendio__arasaac__4668.png,pictograms/arasaac/normalized/incendio__arasaac__4668.png,pictograms/arasaac/by_category/urgencias/incendio__arasaac__4668.png,png,CC BY-NC-SA,Sergio Palao,Gobierno de Aragón / Sergio Palao / ARASAAC,2026-06-18T21:09:02.461Z,2026-06-18T22:46:26.405Z,active
picto_000064,arasaac,8656,riesgo,Riesgo,es,urgencias,https://arasaac.org,https://api.arasaac.org/api/pictograms/8656?download=false,pictograms/arasaac/raw/riesgo__arasaac__8656.png,pictograms/arasaac/normalized/riesgo__arasaac__8656.png,pictograms/arasaac/by_category/urgencias/riesgo__arasaac__8656.png,png,CC BY-NC-SA,Sergio Palao,Gobierno de Aragón / Sergio Palao / ARASAAC,2026-06-18T21:09:03.139Z,2026-06-18T22:46:26.407Z,active
picto_000065,arasaac,25315,peligro,Peligro,es,urgencias,https://arasaac.org,https://api.arasaac.org/api/pictograms/25315?download=false,pictograms/arasaac/raw/peligro__arasaac__25315.png,pictograms/arasaac/normalized/peligro__arasaac__25315.png,pictograms/arasaac/by_category/urgencias/peligro__arasaac__25315.png,png,CC BY-NC-SA,Sergio Palao,Gobierno de Aragón / Sergio Palao / ARASAAC,2026-06-18T21:09:03.573Z,2026-06-18T22:46:26.409Z,active
picto_000066,arasaac,12252,ayuda,Ayuda,es,urgencias,https://arasaac.org,https://api.arasaac.org/api/pictograms/12252?download=false,pictograms/arasaac/raw/ayuda__arasaac__12252.png,pictograms/arasaac/normalized/ayuda__arasaac__12252.png,pictograms/arasaac/by_category/urgencias/ayuda__arasaac__12252.png,png,CC BY-NC-SA,Sergio Palao,Gobierno de Aragón / Sergio Palao / ARASAAC,2026-06-18T21:09:04.158Z,2026-06-18T22:46:26.412Z,active
picto_000067,arasaac,36914,esperar,Esperar,es,urgencias,https://arasaac.org,https://api.arasaac.org/api/pictograms/36914?download=false,pictograms/arasaac/raw/esperar__arasaac__36914.png,pictograms/arasaac/normalized/esperar__arasaac__36914.png,pictograms/arasaac/by_category/urgencias/esperar__arasaac__36914.png,png,CC BY-NC-SA,Sergio Palao,Gobierno de Aragón / Sergio Palao / ARASAAC,2026-06-18T21:09:04.617Z,2026-06-18T22:46:26.414Z,active
picto_000068,arasaac,37484,no correr,No correr,es,urgencias,https://arasaac.org,https://api.arasaac.org/api/pictograms/37484?download=false,pictograms/arasaac/raw/no_correr__arasaac__37484.png,pictograms/arasaac/normalized/no_correr__arasaac__37484.png,pictograms/arasaac/by_category/urgencias/no_correr__arasaac__37484.png,png,CC BY-NC-SA,Sergio Palao,Gobierno de Aragón / Sergio Palao / ARASAAC,2026-06-18T21:09:05.235Z,2026-06-18T22:46:26.416Z,active
picto_000069,arasaac,28269,no empujar,No empujar,es,urgencias,https://arasaac.org,https://api.arasaac.org/api/pictograms/28269?download=false,pictograms/arasaac/raw/no_empujar__arasaac__28269.png,pictograms/arasaac/normalized/no_empujar__arasaac__28269.png,pictograms/arasaac/by_category/urgencias/no_empujar__arasaac__28269.png,png,CC BY-NC-SA,Sergio Palao,Gobierno de Aragón / Sergio Palao / ARASAAC,2026-06-18T21:09:05.668Z,2026-06-18T22:46:26.420Z,active
picto_000070,arasaac,8207,punto de reunión,Punto de reunión,es,urgencias,https://arasaac.org,https://api.arasaac.org/api/pictograms/8207?download=false,pictograms/arasaac/raw/punto_de_reunion__arasaac__8207.png,pictograms/arasaac/normalized/punto_de_reunion__arasaac__8207.png,pictograms/arasaac/by_category/urgencias/punto_de_reunion__arasaac__8207.png,png,CC BY-NC-SA,Sergio Palao,Gobierno de Aragón / Sergio Palao / ARASAAC,2026-06-18T21:09:06.448Z,2026-06-18T22:46:26.422Z,active
picto_000071,arasaac,12261,seguridad,Seguridad,es,urgencias,https://arasaac.org,https://api.arasaac.org/api/pictograms/12261?download=false,pictograms/arasaac/raw/seguridad__arasaac__12261.png,pictograms/arasaac/normalized/seguridad__arasaac__12261.png,pictograms/arasaac/by_category/urgencias/seguridad__arasaac__12261.png,png,CC BY-NC-SA,Sergio Palao,Gobierno de Aragón / Sergio Palao / ARASAAC,2026-06-18T21:09:07.252Z,2026-06-18T22:46:26.424Z,active
picto_000072,arasaac,12261,protección,Protección,es,urgencias,https://arasaac.org,https://api.arasaac.org/api/pictograms/12261?download=false,pictograms/arasaac/raw/proteccion__arasaac__12261.png,pictograms/arasaac/normalized/proteccion__arasaac__12261.png,pictograms/arasaac/by_category/urgencias/proteccion__arasaac__12261.png,png,CC BY-NC-SA,Sergio Palao,Gobierno de Aragón / Sergio Palao / ARASAAC,2026-06-18T21:09:07.833Z,2026-06-18T22:46:26.426Z,active
picto_000073,arasaac,25471,silla de ruedas,Silla de ruedas,es,comunicacion_basica,https://arasaac.org,https://api.arasaac.org/api/pictograms/25471?download=false,pictograms/arasaac/raw/silla_de_ruedas__arasaac__25471.png,pictograms/arasaac/normalized/silla_de_ruedas__arasaac__25471.png,pictograms/arasaac/by_category/comunicacion_basica/silla_de_ruedas__arasaac__25471.png,png,CC BY-NC-SA,Sergio Palao,Gobierno de Aragón / Sergio Palao / ARASAAC,2026-06-18T21:09:08.430Z,2026-06-18T22:46:26.429Z,active
picto_000074,arasaac,5922,bastón,Bastón,es,comunicacion_basica,https://arasaac.org,https://api.arasaac.org/api/pictograms/5922?download=false,pictograms/arasaac/raw/baston__arasaac__5922.png,pictograms/arasaac/normalized/baston__arasaac__5922.png,pictograms/arasaac/by_category/comunicacion_basica/baston__arasaac__5922.png,png,CC BY-NC-SA,Sergio Palao,Gobierno de Aragón / Sergio Palao / ARASAAC,2026-06-18T21:09:08.899Z,2026-06-18T22:46:26.431Z,active
picto_000075,arasaac,9016,perro guía,Perro guía,es,comunicacion_basica,https://arasaac.org,https://api.arasaac.org/api/pictograms/9016?download=false,pictograms/arasaac/raw/perro_guia__arasaac__9016.png,pictograms/arasaac/normalized/perro_guia__arasaac__9016.png,pictograms/arasaac/by_category/comunicacion_basica/perro_guia__arasaac__9016.png,png,CC BY-NC-SA,Sergio Palao,Gobierno de Aragón / Sergio Palao / ARASAAC,2026-06-18T21:09:09.527Z,2026-06-18T22:46:26.433Z,active
picto_000076,arasaac,38701,lengua de señas,Lengua de señas,es,comunicacion_basica,https://arasaac.org,https://api.arasaac.org/api/pictograms/38701?download=false,pictograms/arasaac/raw/lengua_de_senas__arasaac__38701.png,pictograms/arasaac/normalized/lengua_de_senas__arasaac__38701.png,pictograms/arasaac/by_category/comunicacion_basica/lengua_de_senas__arasaac__38701.png,png,CC BY-NC-SA,Sergio Palao,Gobierno de Aragón / Sergio Palao / ARASAAC,2026-06-18T21:09:09.956Z,2026-06-18T22:46:26.435Z,active
picto_000077,arasaac,24619,intérprete,Intérprete,es,comunicacion_basica,https://arasaac.org,https://api.arasaac.org/api/pictograms/24619?download=false,pictograms/arasaac/raw/interprete__arasaac__24619.png,pictograms/arasaac/normalized/interprete__arasaac__24619.png,pictograms/arasaac/by_category/comunicacion_basica/interprete__arasaac__24619.png,png,CC BY-NC-SA,Sergio Palao,Gobierno de Aragón / Sergio Palao / ARASAAC,2026-06-18T21:09:10.596Z,2026-06-18T22:46:26.437Z,active
picto_000078,arasaac,12252,apoyo,Apoyo,es,comunicacion_basica,https://arasaac.org,https://api.arasaac.org/api/pictograms/12252?download=false,pictograms/arasaac/raw/apoyo__arasaac__12252.png,pictograms/arasaac/normalized/apoyo__arasaac__12252.png,pictograms/arasaac/by_category/comunicacion_basica/apoyo__arasaac__12252.png,png,CC BY-NC-SA,Sergio Palao,Gobierno de Aragón / Sergio Palao / ARASAAC,2026-06-18T21:09:11.045Z,2026-06-18T22:46:26.439Z,active
picto_000079,arasaac,36870,acompañante,Acompañante,es,comunicacion_basica,https://arasaac.org,https://api.arasaac.org/api/pictograms/36870?download=false,pictograms/arasaac/raw/acompanante__arasaac__36870.png,pictograms/arasaac/normalized/acompanante__arasaac__36870.png,pictograms/arasaac/by_category/comunicacion_basica/acompanante__arasaac__36870.png,png,CC BY-NC-SA,Sergio Palao,Gobierno de Aragón / Sergio Palao / ARASAAC,2026-06-18T21:09:11.666Z,2026-06-18T22:46:26.441Z,active
picto_000080,arasaac,23394,lectura fácil,Lectura fácil,es,comunicacion_basica,https://arasaac.org,https://api.arasaac.org/api/pictograms/23394?download=false,pictograms/arasaac/raw/lectura_facil__arasaac__23394.png,pictograms/arasaac/normalized/lectura_facil__arasaac__23394.png,pictograms/arasaac/by_category/comunicacion_basica/lectura_facil__arasaac__23394.png,png,CC BY-NC-SA,Sergio Palao,Gobierno de Aragón / Sergio Palao / ARASAAC,2026-06-18T21:09:12.102Z,2026-06-18T22:46:26.443Z,active
picto_000081,arasaac,22799,rampa,Rampa,es,comunicacion_basica,https://arasaac.org,https://api.arasaac.org/api/pictograms/22799?download=false,pictograms/arasaac/raw/rampa__arasaac__22799.png,pictograms/arasaac/normalized/rampa__arasaac__22799.png,pictograms/arasaac/by_category/comunicacion_basica/rampa__arasaac__22799.png,png,CC BY-NC-SA,Sergio Palao,Gobierno de Aragón / Sergio Palao / ARASAAC,2026-06-18T21:09:12.568Z,2026-06-18T22:46:26.446Z,active
picto_000082,arasaac,36528,elevador,Elevador,es,comunicacion_basica,https://arasaac.org,https://api.arasaac.org/api/pictograms/36528?download=false,pictograms/arasaac/raw/elevador__arasaac__36528.png,pictograms/arasaac/normalized/elevador__arasaac__36528.png,pictograms/arasaac/by_category/comunicacion_basica/elevador__arasaac__36528.png,png,CC BY-NC-SA,Sergio Palao,Gobierno de Aragón / Sergio Palao / ARASAAC,2026-06-18T21:09:13.172Z,2026-06-18T22:46:26.448Z,active
picto_000083,arasaac,27541,baño accesible,Baño accesible,es,comunicacion_basica,https://arasaac.org,https://api.arasaac.org/api/pictograms/27541?download=false,pictograms/arasaac/raw/bano_accesible__arasaac__27541.png,pictograms/arasaac/normalized/bano_accesible__arasaac__27541.png,pictograms/arasaac/by_category/comunicacion_basica/bano_accesible__arasaac__27541.png,png,CC BY-NC-SA,Sergio Palao,Gobierno de Aragón / Sergio Palao / ARASAAC,2026-06-18T21:09:13.789Z,2026-06-18T22:46:26.450Z,active
picto_000084,arasaac,5912,audífono,Audífono,es,comunicacion_basica,https://arasaac.org,https://api.arasaac.org/api/pictograms/5912?download=false,pictograms/arasaac/raw/audifono__arasaac__5912.png,pictograms/arasaac/normalized/audifono__arasaac__5912.png,pictograms/arasaac/by_category/comunicacion_basica/audifono__arasaac__5912.png,png,CC BY-NC-SA,Sergio Palao,Gobierno de Aragón / Sergio Palao / ARASAAC,2026-06-18T21:09:14.403Z,2026-06-18T22:46:26.452Z,active
picto_000085,arasaac,28091,subtítulos,Subtítulos,es,comunicacion_basica,https://arasaac.org,https://api.arasaac.org/api/pictograms/28091?download=false,pictograms/arasaac/raw/subtitulos__arasaac__28091.png,pictograms/arasaac/normalized/subtitulos__arasaac__28091.png,pictograms/arasaac/by_category/comunicacion_basica/subtitulos__arasaac__28091.png,png,CC BY-NC-SA,Sergio Palao,Gobierno de Aragón / Sergio Palao / ARASAAC,2026-06-18T21:09:14.988Z,2026-06-18T22:46:26.455Z,active
picto_000086,arasaac,9870,comunicación,Comunicación,es,comunicacion_basica,https://arasaac.org,https://api.arasaac.org/api/pictograms/9870?download=false,pictograms/arasaac/raw/comunicacion__arasaac__9870.png,pictograms/arasaac/normalized/comunicacion__arasaac__9870.png,pictograms/arasaac/by_category/comunicacion_basica/comunicacion__arasaac__9870.png,png,CC BY-NC-SA,Sergio Palao,Gobierno de Aragón / Sergio Palao / ARASAAC,2026-06-18T21:09:15.913Z,2026-06-18T22:46:26.457Z,active
picto_000087,arasaac,38827,ayuda técnica,Ayuda técnica,es,comunicacion_basica,https://arasaac.org,https://api.arasaac.org/api/pictograms/38827?download=false,pictograms/arasaac/raw/ayuda_tecnica__arasaac__38827.png,pictograms/arasaac/normalized/ayuda_tecnica__arasaac__38827.png,pictograms/arasaac/by_category/comunicacion_basica/ayuda_tecnica__arasaac__38827.png,png,CC BY-NC-SA,Sergio Palao,Gobierno de Aragón / Sergio Palao / ARASAAC,2026-06-18T21:09:16.503Z,2026-06-18T22:46:26.459Z,active
picto_000088,arasaac,15020,ajuste razonable,Ajuste razonable,es,comunicacion_basica,https://arasaac.org,https://api.arasaac.org/api/pictograms/15020?download=false,pictograms/arasaac/raw/ajuste_razonable__arasaac__15020.png,pictograms/arasaac/normalized/ajuste_razonable__arasaac__15020.png,pictograms/arasaac/by_category/comunicacion_basica/ajuste_razonable__arasaac__15020.png,png,CC BY-NC-SA,Sergio Palao,Gobierno de Aragón / Sergio Palao / ARASAAC,2026-06-18T21:09:16.959Z,2026-06-18T22:46:26.461Z,active
